Alejandro_Toledo,Alejandro_Toledo
Bill_Clinton,Bill_Clinton
John_Snow,John_Snow
Norah_Jones,Aaron_Sorkin
Rudolph_Giuliani,Rudolph_Giuliani
Tim_Henman,Tim_Henman
Jennifer_Lopez,Jennifer_Lopez
Kofi_Annan,Kofi_Annan
Tom_Daschle,Ismail_Merchant
Mohammed_Al-Douri,Mohammed_Al-Douri
Hugo_Chavez,Hugo_Chavez
Winona_Ryder,Keanu_Reeves
Hamid_Karzai,Hamid_Karzai
Mahmoud_Abbas,Mahmoud_Abbas
Carlos_Moya,Carlos_Moya
Michael_Bloomberg,Lenny_Wilkens
John_Howard,John_Howard
Recep_Tayyip_Erdogan,Recep_Tayyip_Erdogan
Colin_Powell,Colin_Powell
Jean_Charest,Geoff_Hoon
Jennifer_Aniston,Jennifer_Aniston
Jacques_Chirac,Jacques_Chirac
Paul_Bremer,Paul_Bremer
Silvio_Berlusconi,Silvio_Berlusconi
Nicole_Kidman,Nicole_Kidman
Megawati_Sukarnoputri,Megawati_Sukarnoputri
Julie_Gerberding,Julie_Gerberding
Ariel_Sharon,Ariel_Sharon
Renee_Zellweger,Renee_Zellweger
Saddam_Hussein,Saddam_Hussein
Bill_Gates,Bill_Gates
Hans_Blix,Hans_Blix
Gray_Davis,Gray_Davis
Trent_Lott,Trent_Lott
Jack_Straw,Jack_Straw
Halle_Berry,Priscilla_Presley
Pete_Sampras,Pete_Sampras
Gerhard_Schroeder,Gerhard_Schroeder
John_Kerry,John_Kerry
Abdullah_Gul,Madonna
Tony_Blair,Tony_Blair
John_Ashcroft,John_Ashcroft
Serena_Williams,Emma_Watson
Jose_Maria_Aznar,Jose_Maria_Aznar
Lindsay_Davenport,Lindsay_Davenport
Atal_Bihari_Vajpayee,Heather_Mills
David_Beckham,George_W_Bush
Juan_Carlos_Ferrero,Juan_Carlos_Ferrero
Ricardo_Lagos,Ricardo_Lagos
Luiz_Inacio_Lula_da_Silva,Kofi_Annan
Naomi_Watts,Naomi_Watts
Jeremy_Greenstock,Jeremy_Greenstock
Pervez_Musharraf,Pervez_Musharraf
Alvaro_Uribe,Alvaro_Uribe
Taha_Yassin_Ramadan,Taha_Yassin_Ramadan
Guillermo_Coria,Fabrice_Santoro
Arnold_Schwarzenegger,Donald_Rumsfeld
John_Negroponte,John_Negroponte
Bill_Simon,Hichiro_Naemura
Junichiro_Koizumi,Junichiro_Koizumi
Tom_Ridge,Tom_Ridge
Amelie_Mauresmo,Amelie_Mauresmo
Jennifer_Capriati,Jennifer_Capriati
George_W_Bush,George_W_Bush
Donald_Rumsfeld,Donald_Rumsfeld
Angelina_Jolie,Keanu_Reeves
Julianne_Moore,Julianne_Moore
Igor_Ivanov,Igor_Ivanov
Joschka_Fischer,Cesar_Gaviria
Lleyton_Hewitt,Lleyton_Hewitt
Laura_Bush,Laura_Bush
John_Bolton,John_Bolton
Nestor_Kirchner,Nestor_Kirchner
Lance_Armstrong,Yukiko_Okudo
Carlos_Menem,Nicole_Kidman
Jean_Chretien,Jean_Chretien
Venus_Williams,Elizabeth_Hurley
George_Robertson,George_Robertson
Pierce_Brosnan,Paul_Pierce
Jiang_Zemin,Jeb_Bush
Roh_Moo-hyun,Roh_Moo-hyun
Vladimir_Putin,Vladimir_Putin
Vicente_Fox,Vicente_Fox
Dominique_de_Villepin,Dominique_de_Villepin
Hu_Jintao,Hu_Jintao
Gloria_Macapagal_Arroyo,Gloria_Macapagal_Arroyo
Meryl_Streep,Meryl_Streep
Andy_Roddick,Andy_Roddick
Nancy_Pelosi,Nancy_Pelosi
Tiger_Woods,Justine_Henin
Richard_Myers,Richard_Myers
Andre_Agassi,Andre_Agassi
Fidel_Castro,Angelina_Jolie
Spencer_Abraham,Spencer_Abraham
Michael_Schumacher,Christopher_Patten
Tommy_Franks,Tommy_Franks
