Abdullah_Gul,Joschka_Fischer
Alejandro_Toledo,Lleyton_Hewitt
Alvaro_Uribe,Norah_Jones
Amelie_Mauresmo,Alejandro_Toledo
Andre_Agassi,Jesse_Jackson
Andy_Roddick,Norah_Jones
Angelina_Jolie,George_HW_Bush
Ariel_Sharon,Mahmoud_Abbas
Arnold_Schwarzenegger,Nicanor_Duarte_Frutos
Atal_Bihari_Vajpayee,Kim_Clijsters
Bill_Clinton,Winona_Ryder
Bill_Gates,Bill_Gates
Bill_Simon,Julianne_Moore
Carlos_Menem,Michael_Schumacher
Carlos_Moya,Carlos_Moya
Colin_Powell,Naomi_Watts
David_Beckham,Richard_Armitage
Dominique_de_Villepin,Joschka_Fischer
Donald_Rumsfeld,Condoleezza_Rice
Fidel_Castro,Donald_Rumsfeld
George_Robertson,Li_Peng
George_W_Bush,Halle_Berry
Gerhard_Schroeder,Gerhard_Schroeder
Gloria_Macapagal_Arroyo,Gordon_Brown
Gray_Davis,Gray_Davis
Guillermo_Coria,Jennifer_Aniston
Halle_Berry,Edmund_Stoiber
Hamid_Karzai,Amelie_Mauresmo
Hans_Blix,Hans_Blix
Hugo_Chavez,Bill_Simon
Hu_Jintao,Ann_Veneman
Igor_Ivanov,Jean-David_Levitte
Jack_Straw,Howard_Dean
Jacques_Chirac,Jean_Charest
Jean_Charest,Spencer_Abraham
Jean_Chretien,Mohammad_Khatami
Jennifer_Aniston,Donald_Rumsfeld
Jennifer_Capriati,Jennifer_Capriati
Jennifer_Lopez,Jennifer_Lopez
Jeremy_Greenstock,Trent_Lott
Jiang_Zemin,Dick_Cheney
John_Ashcroft,Queen_Elizabeth_II
John_Bolton,Javier_Solana
John_Howard,Norah_Jones
John_Kerry,Gonzalo_Sanchez_de_Lozada
John_Negroponte,John_Negroponte
John_Snow,Tiger_Woods
Joschka_Fischer,Richard_Armitage
Jose_Maria_Aznar,Kate_Hudson
Juan_Carlos_Ferrero,Jean_Charest
Julianne_Moore,Roh_Moo-hyun
Julie_Gerberding,Andy_Roddick
Junichiro_Koizumi,Adrien_Brody
Kofi_Annan,Kofi_Annan
Lance_Armstrong,Lance_Armstrong
Laura_Bush,Jose_Maria_Aznar
Lindsay_Davenport,Gordon_Brown
Lleyton_Hewitt,Megawati_Sukarnoputri
Luiz_Inacio_Lula_da_Silva,Fernando_Gonzalez
Mahmoud_Abbas,Mahmoud_Abbas
Megawati_Sukarnoputri,Bill_McBride
Meryl_Streep,Meryl_Streep
Michael_Bloomberg,Yoriko_Kawaguchi
Michael_Schumacher,Michael_Schumacher
Mohammed_Al-Douri,George_W_Bush
Nancy_Pelosi,Jeremy_Greenstock
Naomi_Watts,Adrien_Brody
Nestor_Kirchner,Nestor_Kirchner
Nicole_Kidman,Angelina_Jolie
Norah_Jones,Andy_Roddick
Paul_Bremer,Paul_Bremer
Pervez_Musharraf,Meryl_Streep
Pete_Sampras,Kim_Clijsters
Pierce_Brosnan,Amelie_Mauresmo
Recep_Tayyip_Erdogan,Richard_Armitage
Renee_Zellweger,Bill_Simon
Ricardo_Lagos,Bill_Frist
Richard_Myers,Julie_Gerberding
Roh_Moo-hyun,Roh_Moo-hyun
Rudolph_Giuliani,Paul_Burrell
Saddam_Hussein,Bill_Simon
Serena_Williams,Joan_Laporta
Silvio_Berlusconi,Jean-David_Levitte
Spencer_Abraham,John_Paul_II
Taha_Yassin_Ramadan,Gonzalo_Sanchez_de_Lozada
Tiger_Woods,Mohammad_Khatami
Tim_Henman,Roh_Moo-hyun
Tommy_Franks,Gordon_Brown
Tom_Daschle,Wen_Jiabao
Tom_Ridge,Charles_Moose
Tony_Blair,Saddam_Hussein
Trent_Lott,Jeb_Bush
Venus_Williams,Hillary_Clinton
Vicente_Fox,Jean_Chretien
Vladimir_Putin,Lance_Armstrong
Winona_Ryder,Jose_Maria_Aznar
