Abdullah_Gul,Abdullah_Gul
Alejandro_Toledo,Alejandro_Toledo
Alvaro_Uribe,Alvaro_Uribe
Amelie_Mauresmo,Amelie_Mauresmo
Andre_Agassi,Condoleezza_Rice
Andy_Roddick,Mohammed_Al-Douri
Angelina_Jolie,Angelina_Jolie
Ariel_Sharon,Fernando_Gonzalez
Arnold_Schwarzenegger,Jeremy_Greenstock
Atal_Bihari_Vajpayee,Lance_Armstrong
Bill_Clinton,Jose_Maria_Aznar
Bill_Gates,Carlos_Menem
Bill_Simon,Adrien_Brody
Carlos_Menem,Halle_Berry
Carlos_Moya,Jack_Straw
Colin_Powell,Meryl_Streep
David_Beckham,Jeb_Bush
Dominique_de_Villepin,Dominique_de_Villepin
Donald_Rumsfeld,Jacques_Rogge
Fidel_Castro,Keanu_Reeves
George_Robertson,Gray_Davis
George_W_Bush,Ricardo_Lagos
Gerhard_Schroeder,John_Howard
Gloria_Macapagal_Arroyo,Kofi_Annan
Gray_Davis,Richard_Armitage
Guillermo_Coria,Guillermo_Coria
Halle_Berry,Halle_Berry
Hamid_Karzai,Lucio_Gutierrez
Hans_Blix,Juan_Carlos_Ferrero
Hugo_Chavez,Hugo_Chavez
Hu_Jintao,Hu_Jintao
Igor_Ivanov,John_Negroponte
Jack_Straw,Carlos_Menem
Jacques_Chirac,Tom_Hanks
Jean_Charest,Jean_Charest
Jean_Chretien,Vaclav_Havel
Jennifer_Aniston,Silvio_Berlusconi
Jennifer_Capriati,Colin_Farrell
Jennifer_Lopez,Nestor_Kirchner
Jeremy_Greenstock,Jeremy_Greenstock
Jiang_Zemin,Jiang_Zemin
John_Ashcroft,Carlos_Menem
John_Bolton,John_Bolton
John_Howard,John_Howard
John_Kerry,John_Kerry
John_Negroponte,George_Robertson
John_Snow,Lucio_Gutierrez
Joschka_Fischer,Joschka_Fischer
Jose_Maria_Aznar,Wen_Jiabao
Juan_Carlos_Ferrero,Jesse_Jackson
Julianne_Moore,Julianne_Moore
Julie_Gerberding,Anna_Kournikova
Junichiro_Koizumi,Gerhard_Schroeder
Kofi_Annan,Lindsay_Davenport
Lance_Armstrong,Alejandro_Toledo
Laura_Bush,Pervez_Musharraf
Lindsay_Davenport,Paul_Bremer
Lleyton_Hewitt,Keanu_Reeves
Luiz_Inacio_Lula_da_Silva,Ian_Thorpe
Mahmoud_Abbas,Abdullah_Gul
Megawati_Sukarnoputri,Megawati_Sukarnoputri
Meryl_Streep,Gray_Davis
Michael_Bloomberg,Hosni_Mubarak
Michael_Schumacher,Alejandro_Toledo
Mohammed_Al-Douri,Mohammed_Al-Douri
Nancy_Pelosi,Jeremy_Greenstock
Naomi_Watts,Venus_Williams
Nestor_Kirchner,Britney_Spears
Nicole_Kidman,Winona_Ryder
Norah_Jones,Norah_Jones
Paul_Bremer,Gerhard_Schroeder
Pervez_Musharraf,Tom_Hanks
Pete_Sampras,Nestor_Kirchner
Pierce_Brosnan,Pierce_Brosnan
Recep_Tayyip_Erdogan,Tom_Daschle
Renee_Zellweger,Carlos_Menem
Ricardo_Lagos,Ricardo_Lagos
Richard_Myers,Andy_Roddick
Roh_Moo-hyun,Roh_Moo-hyun
Rudolph_Giuliani,Rudolph_Giuliani
Saddam_Hussein,Saddam_Hussein
Serena_Williams,Silvio_Berlusconi
Silvio_Berlusconi,Heizo_Takenaka
Spencer_Abraham,Mohammad_Khatami
Taha_Yassin_Ramadan,Salma_Hayek
Tiger_Woods,Tiger_Woods
Tim_Henman,Tim_Henman
Tommy_Franks,Zhu_Rongji
Tom_Daschle,Julianne_Moore
Tom_Ridge,Junichiro_Koizumi
Tony_Blair,Sergio_Vieira_De_Mello
Trent_Lott,Trent_Lott
Venus_Williams,Venus_Williams
Vicente_Fox,Ian_Thorpe
Vladimir_Putin,Jean_Charest
Winona_Ryder,Winona_Ryder
