Lance_Armstrong,Queen_Elizabeth_II
Andre_Agassi,Kofi_Annan
Michael_Bloomberg,George_W_Bush
Pierce_Brosnan,Carlos_Moya
Megawati_Sukarnoputri,Joe_Lieberman
Taha_Yassin_Ramadan,Taha_Yassin_Ramadan
Angelina_Jolie,Jeremy_Greenstock
Roh_Moo-hyun,Tony_Blair
Halle_Berry,Pervez_Musharraf
Bill_Simon,Michael_Schumacher
Saddam_Hussein,Saddam_Hussein
Abdullah_Gul,Alejandro_Toledo
Serena_Williams,George_W_Bush
Ariel_Sharon,George_W_Bush
John_Kerry,Bill_Clinton
Dominique_de_Villepin,Gloria_Macapagal_Arroyo
Donald_Rumsfeld,George_HW_Bush
Michael_Schumacher,Jacques_Rogge
Hans_Blix,Hans_Blix
Nicole_Kidman,Lucio_Gutierrez
Norah_Jones,Angelina_Jolie
Igor_Ivanov,Tom_Daschle
Renee_Zellweger,George_W_Bush
Julianne_Moore,Laura_Bush
John_Bolton,Gray_Davis
George_W_Bush,George_W_Bush
Paul_Bremer,Paul_Bremer
Naomi_Watts,Naomi_Watts
Jack_Straw,George_W_Bush
Mahmoud_Abbas,George_Robertson
John_Ashcroft,John_Ashcroft
Vladimir_Putin,Tony_Blair
Gray_Davis,Colin_Powell
Lindsay_Davenport,George_W_Bush
Bill_Clinton,Ricardo_Lagos
Hugo_Chavez,Hugo_Chavez
Colin_Powell,Colin_Powell
Jiang_Zemin,Recep_Tayyip_Erdogan
Jennifer_Lopez,Jennifer_Lopez
Meryl_Streep,Tiger_Woods
John_Negroponte,Colin_Powell
Nancy_Pelosi,Tony_Blair
Venus_Williams,Venus_Williams
Atal_Bihari_Vajpayee,George_W_Bush
Kofi_Annan,Jack_Straw
Bill_Gates,George_W_Bush
Luiz_Inacio_Lula_da_Silva,Hans_Blix
Rudolph_Giuliani,Tom_Daschle
Jean_Charest,Jacques_Chirac
Jose_Maria_Aznar,Jose_Maria_Aznar
Pete_Sampras,Pete_Sampras
Jean_Chretien,Silvio_Berlusconi
Carlos_Menem,Bill_McBride
Jacques_Chirac,Mahmoud_Abbas
Spencer_Abraham,Spencer_Abraham
Trent_Lott,Trent_Lott
Silvio_Berlusconi,Silvio_Berlusconi
George_Robertson,Gerhard_Schroeder
Tommy_Franks,Pete_Sampras
Ricardo_Lagos,Ricardo_Lagos
Jeremy_Greenstock,Jeremy_Greenstock
Amelie_Mauresmo,Vladimir_Putin
Julie_Gerberding,Julie_Gerberding
John_Snow,Kim_Ryong-sung
Jennifer_Aniston,Jennifer_Aniston
Jennifer_Capriati,Jennifer_Capriati
Richard_Myers,Donald_Rumsfeld
John_Howard,Mohammed_Al-Douri
Tiger_Woods,Tiger_Woods
David_Beckham,Juan_Carlos_Ferrero
Alejandro_Toledo,Alejandro_Toledo
Recep_Tayyip_Erdogan,Gerhard_Schroeder
Juan_Carlos_Ferrero,Mahmoud_Abbas
Gloria_Macapagal_Arroyo,Carlos_Menem
Laura_Bush,Laura_Bush
Nestor_Kirchner,Tung_Chee-hwa
Hamid_Karzai,Saddam_Hussein
Andy_Roddick,Andy_Roddick
Guillermo_Coria,Bill_Gates
Tony_Blair,Tony_Blair
Vicente_Fox,Jiang_Zemin
Tim_Henman,George_Robertson
Mohammed_Al-Douri,Mohammed_Al-Douri
Junichiro_Koizumi,Roger_Federer
Arnold_Schwarzenegger,Arnold_Schwarzenegger
Carlos_Moya,Carlos_Moya
Gerhard_Schroeder,Gerhard_Schroeder
Tom_Ridge,Julianne_Moore
Tom_Daschle,Ariel_Sharon
Winona_Ryder,George_W_Bush
Fidel_Castro,Nestor_Kirchner
Joschka_Fischer,Joschka_Fischer
Lleyton_Hewitt,Arnold_Schwarzenegger
Alvaro_Uribe,Jesse_Jackson
Pervez_Musharraf,John_Ashcroft
Hu_Jintao,Juan_Carlos_Ferrero
